sentences,aspects,polarity,sentences,aspects,polarity,sentences,aspects,polarity,sentences/sentence/3/text,sentences/sentence/3/Opinions/Opinion/0/_category,sentences/sentence/3/Opinions/Opinion/0/_polarity,sentences/sentence/3/Opinions/Opinion/1/_category,sentences/sentence/3/Opinions/Opinion/1/_polarity
Being a PC user my whole life....,,,This computer is absolutely AMAZING!!!,LAPTOP#GENERAL,positive,10 plus hours of battery...,BATTERY#OPERATION_PERFORMANCE,positive,super fast processor and really nice graphics card..,CPU#OPERATION_PERFORMANCE,positive,GRAPHICS#GENERAL,positive
the laptop was really good and it goes really fast just the way i thought it would of run.,LAPTOP#GENERAL,positive,i would really recommend to any person out there to get this laptop cause its really worth it.,LAPTOP#GENERAL,positive,and its really cheap and you wont regret buying it.,LAPTOP#PRICE,positive,,,,,
"As a lifelong Windows user, I was extremely pleased to make the change to Mac.",,,"As a computer science student in college, I find that the portability, longevity, and ease of use of this computer make me (shockingly) want to do homework more;",LAPTOP#PORTABILITY,positive,"without a big ol' clunky machine in my backpack, I feel like I can do programming homework anywhere.",LAPTOP#DESIGN_FEATURES,positive,I highly recommend this computer for students looking for a solid machine to get them through college.,LAPTOP#MISCELLANEOUS,positive,LAPTOP#QUALITY,positive
Oh my goodness-I am not a happy camper.,LAPTOP#GENERAL,negative,My HP is very heavy.,LAPTOP#DESIGN_FEATURES,negative,Not easy to carry.,LAPTOP#PORTABILITY,negative,The battery has never worked well.,BATTERY#QUALITY,negative,BATTERY#OPERATION_PERFORMANCE,negative
"Since I purchased my Toshiba netbook, I have been very pleased with it, I have a laptob and a desktop.",LAPTOP#GENERAL,positive,The netbook is easier for me to take to bed and carry around with me.,LAPTOP#PORTABILITY,positive,"The screen takes some getting use to, because it is smaller than the laptop.",DISPLAY#USABILITY,neutral,I have not have any problems.,LAPTOP#GENERAL,positive,,
"The Notebook PC,Toshiba Qosmio is the best gift my father could have ever gotten me.",LAPTOP#GENERAL,positive,He gave me this PC about 3 years ago and up to this point im still sitting here using it.,LAPTOP#QUALITY,positive,Its still going.,LAPTOP#QUALITY,positive,It is in the best condition and has a really high quality.,LAPTOP#QUALITY,positive,,
"Waited on getting this computer, but it has been a great change.",LAPTOP#GENERAL,positive,Ease of use is just one of the benefits I love about my Mac.,LAPTOP#USABILITY,positive,,,,,,,,
This laptop meets every expectation and Windows 7 is great!,LAPTOP#GENERAL,positive,"It's fast, it's easy easy easy to set up, easy to hook to my wireless network.",LAPTOP#OPERATION_PERFORMANCE,positive,It's even easy to hook up to other wireless networks.,LAPTOP#CONNECTIVITY,positive,The battery doesn't last long but I'm sure an upgrade battery would solve that problem.,BATTERY#OPERATION_PERFORMANCE,neutral,,
"Most everything is fine with this machine: speed, capacity, build.",LAPTOP#GENERAL,positive,"The only thing I don't understand is that the resolution of the screen isn't high enough for some pages, such as Yahoo!Mail.",DISPLAY#QUALITY,negative,"Yes, I have it on the highest available setting.",,,,,,,
I bought it for really cheap also and it's AMAZING.,LAPTOP#PRICE,positive,Easy to start up and does not overheat as much as other laptops.,,,Recommended to people as their first laptop.,LAPTOP#MISCELLANEOUS,positive,,,,,
"Plain and simple, it(laptop) runs great and loads fast.",LAPTOP#OPERATION_PERFORMANCE,positive,"Easy to carry, can be taken anywhere, can be hooked up to printers,headsets.",LAPTOP#PORTABILITY,positive,Love that it doesn't take up space like a regular computer.,,,,,,,
I'm already hooked on the sleek look and dependability that this laptop has shown.,LAPTOP#DESIGN_FEATURES,positive,"Being a PC user my whole life, it's taking a bit of time to adapt to the OS of a Mac but I'm finding my way around.",OS#USABILITY,neutral,The unibody design is edgy and durable.,LAPTOP#DESIGN_FEATURES,positive,The LED backlit display makes my pictures pop so much more.,DISPLAY#DESIGN_FEATURES,positive,,
"Great product, very easy to use and great graphics.",LAPTOP#GENERAL,positive,"One drawback, I wish the keys were backlit.",KEYBOARD#DESIGN_FEATURES,negative,"I'm glad I bought this laptop, it was worth the few ($100) extra dollars.",LAPTOP#GENERAL,positive,,,,,
It had most of the features and all of the power that I wanted to replace my desktop machine.,LAPTOP#DESIGN_FEATURES,positive,I wasn't really as concerned about portability (it's a very large laptop) but it's not hard to move around or take on a trip which was a pleasant surprise.,LAPTOP#DESIGN_FEATURES,neutral,I'm very happy with this machine!,LAPTOP#GENERAL,positive,,,,,
"I love the size, keyboard, the functions.",LAPTOP#DESIGN_FEATURES,positive,I don't really have a complaint.,LAPTOP#GENERAL,positive,"It is easy to use, good quality and good price.",LAPTOP#USABILITY,positive,Perfect trifecta!,LAPTOP#GENERAL,positive,,
The salesman talked us into this computer away from another we were looking at and we have had nothing but problems with software problems and just not happy with it.,SOFTWARE#GENERAL,negative,,,,,,,,,,,
This is my first Dell I heard their customer service was lacking and that they were working on improving it!,SUPPORT#QUALITY,neutral,I purchased this laptop 9 months ago!,,,The DVD burner broke after burning 3 DVD'd during that time!,OPTICAL_DRIVES#QUALITY,negative,They sent me a replacement part and without informing me are requiring that I return it within 15 days or contact them and let them know the broken part will be returned later.,SUPPORT#QUALITY,negative,,
"So far, a great product.",LAPTOP#GENERAL,positive,"High price tag, however.",LAPTOP#PRICE,negative,Still trying to learn how to use it.,LAPTOP#USABILITY,neutral,,,,,
it is the worst computer dell ever made.,LAPTOP#GENERAL,negative,it is hard to fix and makes it a hassle to own one.,LAPTOP#QUALITY,negative,breaks easily.,LAPTOP#QUALITY,negative,only good thing is the graphics quality.,GRAPHICS#QUALITY,positive,,
There are so many wonderful features and benefits to the new MacBook!,LAPTOP#DESIGN_FEATURES,positive,The #1 reason that is always repeated.,,,No Viruses!,LAPTOP#QUALITY,positive,This laptop is fast and you will literally learn all you can do with this dynamo by just watching the online tutorials.,LAPTOP#OPERATION_PERFORMANCE,positive,LAPTOP#USABILITY,positive
This just keeps having it's hard drive replaced!,HARD_DISC#QUALITY,negative,Acer won't replace the laptop.,SUPPORT#QUALITY,negative,the manufacturer's warranty only covers replacement/repair of parts.,WARRANTY#GENERAL,negative,This thing is a lemon.,LAPTOP#QUALITY,negative,,
This MacBook is an outstanding product with great value.,LAPTOP#GENERAL,positive,Its ease of use and the top service from Apple- be it their phone assistance or bellying up to the genius bar- cannot be beat.,LAPTOP#USABILITY,positive,"Suffice it to say, my MacBook Pro keeps me going with its long battery life and blazing speed.",BATTERY#OPERATION_PERFORMANCE,positive,It does run a little warm but that is a negligible concern.,LAPTOP#QUALITY,neutral,,
I was so excited to receive the Toshiba L455 as a gift/bonus for some work I had done for a friend of mine!,,,I have owned it only two months!,,,I have had nothing but problems since the day I took it out of the box!,LAPTOP#GENERAL,negative,My first problem was with the pre-loaded Norton Firewall/Security program.,SOFTWARE#GENERAL,negative,,
It rarely works and when it does it's incredibly slow.,LAPTOP#QUALITY,negative,I have had to take it to the geek squad guys to get it fixed because it has had viruses 3 times and i have not even had it for more then 4 months!,LAPTOP#QUALITY,negative,"*IF YOU ARE LOOKING FOR A GOOD LAPTOP, THIS IS NOT IT!",LAPTOP#GENERAL,negative,,,,,
Like the price and operation.,LAPTOP#PRICE,positive,"Some features arent friendly ( volume wheel, sound quality, etc.",LAPTOP#USABILITY,negative,"But, for the cost this is a winner.",LAPTOP#GENERAL,positive,,,,,
I absolutely love my mac!,LAPTOP#GENERAL,positive,I can't imagine my life without it anymore!,LAPTOP#GENERAL,positive,It's perfect for everything and runs faster than an average pc!,,,,,,,
I've haven't had any major problems with the laptop except that the plastic piece that covers the usb port wires have all come off.,LAPTOP#GENERAL,positive,Apparently they are defective since they are not securely attached.,PORTS#QUALITY,negative,I can barely use any usb devices because they will not stay connected properly.,LAPTOP#CONNECTIVITY,negative,I called Toshiba and they want me to be without my laptop for about two weeks while they look at the problem.,SUPPORT#QUALITY,negative,,
I bought this laptop Was the worst Laptop I've ever bought.,LAPTOP#GENERAL,negative,I spent alot of money on this product and its been a nightmare.,LAPTOP#PRICE,negative,And having to deal with the company has been a even worse nightmare.,SUPPORT#QUALITY,negative,I sent it to them to fix in perfect condition but for what was wrong with it.,,,,
I saved for this laptop for 3 months and I can tell you personally it was worth the wait.,LAPTOP#GENERAL,positive,"The display on this computer is the best I've seen in a very long time, the battery life is very long and very convienent.",DISPLAY#GENERAL,positive,"A little pricey but it is well, well worth it.",LAPTOP#PRICE,negative,I've been a PC user and I just finally switched and I am never going back.,,,,
In the first moth of owning this computer its hardrive failed which had to be replaced.,HARD_DISC#QUALITY,negative,After replacing the hard drive the battery stopped working  (3 months of use) which was frustrating.,BATTERY#QUALITY,negative,Then after 4 or so months the charger stopped working so I was forced to go out and buy new hardware just to keep this computer running.,POWER_SUPPLY#QUALITY,negative,A tip for people looking into this computer: DO NOT BUY IT save up a bit more money and buy a computer that will last.,LAPTOP#QUALITY,negative,,
Has a 5-6 hour battery life.,BATTERY#OPERATION_PERFORMANCE,positive,Much faster than my old windows laptop that died on me.,,,It is easy to use and lightweight.,LAPTOP#USABILITY,positive,Was very much worth the price i paid.,LAPTOP#GENERAL,positive,LAPTOP#PRICE,positive
This netbook went bad on me after 3 days.,LAPTOP#QUALITY,negative,There is a blank lighted screen when I start and that is all.,DISPLAY#OPERATION_PERFORMANCE,negative,I am also upset with CR for giving a good rating.,,,,,,,
I purchased this netbook after my original Toshiba laptop crashed right after the warranty expired.,,,"Three weeks after I bought the netbook, the screen quit working.",DISPLAY#QUALITY,negative,I baby my electronics so I know for a fact it was defective and not anything that I did to it.,DISPLAY#QUALITY,negative,"Overall I feel this netbook was poor quality, had poor performance, although it did have great battery life when it did work.",LAPTOP#QUALITY,negative,LAPTOP#OPERATION_PERFORMANCE,negative
Took the netbook on a vacation trip and I was able to do whatever I wanted to do without lugging a much heavier laptop.,LAPTOP#PORTABILITY,positive,To my mind much more usable than the toy called an IPad.,,,,,,,,,,
The So called laptop Runs to Slow and I hate it!,LAPTOP#OPERATION_PERFORMANCE,negative,Do notÂ  buy it!,LAPTOP#GENERAL,negative,It is the worst laptop ever,LAPTOP#GENERAL,negative,,,,,
"The image is great, and the soud is excelent.",DISPLAY#QUALITY,positive,i love ths notebook.,LAPTOP#GENERAL,positive,,,,,,,,
I love the glass touchpad.,MOUSE#DESIGN_FEATURES,positive,Easy learning curve.,LAPTOP#USABILITY,positive,Also the display is exceptional!,DISPLAY#GENERAL,positive,,,,,
I have loved this since i took it out of the box.,LAPTOP#GENERAL,positive,The battery is really long.,BATTERY#OPERATION_PERFORMANCE,positive,"the features are great, the only thing it needs is better speakers.",LAPTOP#DESIGN_FEATURES,positive,,,,,
Small and light weight.,LAPTOP#DESIGN_FEATURES,positive,Speakers too small to be of any real use.,MULTIMEDIA_DEVICES#DESIGN_FEATURES,negative,Keyboard good sized and wasy to use.,KEYBOARD#DESIGN_FEATURES,positive,I like it!,LAPTOP#GENERAL,positive,,
Meets my needs perfectly and is light enough for this senior to carry without affecting my arthritis.,LAPTOP#GENERAL,positive,,,,,,,,,,,
"Needless to say, not to happy with the product.",LAPTOP#GENERAL,negative,,,,,,,,,,,
This is a great machine!,LAPTOP#GENERAL,positive,"The design is awesome, quality is unprecedented.",LAPTOP#DESIGN_FEATURES,positive,,,,,,,,
"Apparently well-built and gorgeous to look at, the i5 MacBook Pro is a winning combination of price and performance.",LAPTOP#QUALITY,positive,,,,,,,,,,,
It is by far one of the greatest investments I have ever made.,LAPTOP#GENERAL,positive,,,,,,,,,,,
Consumer Report recommended Toshiba.,,,"Am very glad I bought it, great netbook, low price.",LAPTOP#GENERAL,positive,,,,,,,,
Very good quality and well made.,LAPTOP#QUALITY,positive,Great pick for portability and affordability.,LAPTOP#PORTABILITY,positive,The black model also has a very nice seamless appearance - one of the better looking notebooks I've seen.,LAPTOP#DESIGN_FEATURES,positive,,,,,
The only problem is a lack of screen resolutions!,DISPLAY#QUALITY,negative,,,,,,,,,,,
"If you need an affordable, entry-level laptop, this will fit the bill.",LAPTOP#PRICE,positive,"I dislike the weight and size, cubersome.",LAPTOP#PORTABILITY,negative,I dislike the quality and the placement of the speakers.,MULTIMEDIA_DEVICES#QUALITY,negative,"Overall, it's ok.",LAPTOP#GENERAL,neutral,,
"Laptop is advertised as a 15"" but the casing looks like that of a 17"".",LAPTOP#DESIGN_FEATURES,negative,This laptop is very large and barely fits in any carrying cases.,LAPTOP#DESIGN_FEATURES,negative,Peformance is good for the price.,LAPTOP#OPERATION_PERFORMANCE,positive,"If you're not wanting to be mobile, this is a good laptop to sit on a desk.",LAPTOP#PORTABILITY,negative,LAPTOP#GENERAL,positive
Had to have this computer repaired twice in the first 5 months after purchasing it.,LAPTOP#QUALITY,negative,Not good for a person who gets online daily.,LAPTOP#MISCELLANEOUS,negative,May be better for the occasional web surfer.,LAPTOP#MISCELLANEOUS,neutral,,,,,
"I just got this laptop for college, and so far I am very happy with it.",LAPTOP#GENERAL,positive,I really wanted a Mac over a pc because I used a Mac in high school.,,,It is so much easier to use,LAPTOP#USABILITY,positive,,,,,
"Good keyboard, long battery life, largest hard drive and windows 7.",KEYBOARD#GENERAL,positive,And Toshiba is a quality supplier.,SUPPORT#QUALITY,positive,,,,,,,,
I love this little one.,LAPTOP#GENERAL,positive,The keyboard has a wonderful nature feel.,KEYBOARD#QUALITY,positive,I like it better than my big Dell Laptop.,,,Seriously considering a larger laptop to replace the Dell,,,,
great battery life.,BATTERY#OPERATION_PERFORMANCE,positive,Keyboard is reasonable size.,KEYBOARD#DESIGN_FEATURES,positive,Small screen somewhat limiting but great for travel.,DISPLAY#DESIGN_FEATURES,negative,Charger seems large for this class of computer.,POWER_SUPPLY#DESIGN_FEATURES,negative,,
"Great Laptop for the price, works well with action pack games.",LAPTOP#GENERAL,positive,"The only thing that I have, is the key broad is a little dark to see the letters, would help if it was a little lighter then it is.",KEYBOARD#DESIGN_FEATURES,negative,but other then that I would give this product a 4 in hafe stars.,LAPTOP#GENERAL,positive,,,,,
Good for every day computing and web browsing.,LAPTOP#MISCELLANEOUS,positive,,,,,,,,,,,
A great computer for light home use and business use.,LAPTOP#MISCELLANEOUS,positive,Might not make the avid gamer happy but I don't really think that is what this computer is designed for.,LAPTOP#MISCELLANEOUS,neutral,"Crisp screen, great battery life, and plenty of storage.",DISPLAY#QUALITY,positive,Very happy.,LAPTOP#GENERAL,positive,,
"My son and his family have a hard time financially because he is self-employed so the family had no computer of any kind, and kyle the oldest child is 12 and really need something to help him in school.",,,so we got a good deal on hsn for an ascer notebook and we bought it for him.,,,He loves it and it is easy to use and well the schools start teaching the kids early about computers so it was easy for him to get started.,LAPTOP#GENERAL,positive,now he mows yards so he can earn the money for the wireless internet.,,,,
MY ONLY PROBLEM IS I CAN NOT REG. THE PRODUCT KEY.,LAPTOP#MISCELLANEOUS,negative,"IT WANT TAKE IT, IT KEEP SAYING ERROR.",LAPTOP#MISCELLANEOUS,negative,"HELP, HELP, OTHER THAN THAT GETS A GREAT LITTLE WONDER.",LAPTOP#GENERAL,positive,,,,,
It's fast and has excellent battery life.,LAPTOP#OPERATION_PERFORMANCE,positive,The screen shows great colors.,DISPLAY#QUALITY,positive,,,,,,,,
I was surprised with the performance and quality of this HP Laptop.,LAPTOP#OPERATION_PERFORMANCE,positive,the speed is fine.,LAPTOP#OPERATION_PERFORMANCE,positive,Laptop is to be used like a Netbook.,,,"But with A WAY Bigger Screen, and IS able to connect to an HDMI.",DISPLAY#DESIGN_FEATURES,positive,LAPTOP#CONNECTIVITY,positive
"I would recommend this computer to anyone searching for the perfect laptop, and the battery life is amazing.",LAPTOP#GENERAL,positive,,,,,,,,,,,
I BOUGHT THIS LAP TOP AND THE CHARGE TIME DOSEN'T LAST AS LONG AS THEY SAY IT WILL MORE LIKE 2 HOURS,BATTERY#OPERATION_PERFORMANCE,negative,,,,,,,,,,,
This computer is the ideal college companion.,LAPTOP#MISCELLANEOUS,positive,It's software and speed enable it to do amazing things.,LAPTOP#OPERATION_PERFORMANCE,positive,,,,,,,,
I am not happy at all with the product I purchased.,LAPTOP#GENERAL,negative,"A cheaper price should not equal a ""cheap"" product.",LAPTOP#PRICE,neutral,It was over rated!,LAPTOP#GENERAL,negative,,,,,
The Toshiba laptop was a great purchase.,LAPTOP#GENERAL,positive,"The price was very good, and the product is top quality.",LAPTOP#PRICE,positive,"The delivery was fast, and I would not hesitate to purchase this laptop again.",SHIPPING#QUALITY,positive,,,,,
"This is my second laptop,and it is head and shoulders above my first.",,,It has easy to use features and all the speed and power I could ask for.,LAPTOP#USABILITY,positive,True quality at a great price!,LAPTOP#QUALITY,positive,,,,,
I have used a computer at work but having your own personal laptop is AWSOME!,,,I am enjoying it and the quality it provides is great!,LAPTOP#GENERAL,positive,"Toshiba is a great brand, even though I haven't had it for a long time, I am very happy with it!",COMPANY#GENERAL,positive,,,,,
"This is the first laptop I've owned, althougth I used several at my previous job.",,,"The screen graphics and clarity, and sharpness are great.",DISPLAY#QUALITY,positive,I've already recommended this laptop to a friend who eye'd the computer when I took it out of my bag.,LAPTOP#GENERAL,positive,,,,,
I like the laptop overall.,LAPTOP#GENERAL,positive,The only thing i can say is that the touch pad doesnt work like it should all the time.,MOUSE#OPERATION_PERFORMANCE,negative,Sometimes you really have to tap the pad to get it to work,MOUSE#OPERATION_PERFORMANCE,negative,,,,,
This is a great little computer for the price.,LAPTOP#GENERAL,positive,"Simple to use, and great graphics.",LAPTOP#USABILITY,positive,It has everything I would need for a home computer.,LAPTOP#MISCELLANEOUS,positive,I'm very impressed.,LAPTOP#GENERAL,positive,,
It was secure and easy to navigate.,LAPTOP#QUALITY,positive,It is everything that I would want in a computer.,LAPTOP#GENERAL,positive,"Besides the great look, it is a great machine.",LAPTOP#DESIGN_FEATURES,positive,I would definitely not go back to using a PC after using the mac.,,,,
"I enjoy very much my new Toshiba, purchased specifially for attending online schooling.",LAPTOP#GENERAL,positive,"I have found it very easy to use, very imformative, wonder alerts and tutorials making it very easy for someone like me who is not exactly technologically advanced to learn to use the various features and programs.",LAPTOP#USABILITY,positive,"I have found also, it is very easy to be able to access wireless internet access; without having to have extra equipment and/or complicated routes to take to be able to do so.",LAPTOP#CONNECTIVITY,positive,"I also love the small, convenient size of my laptop, making it a perfect tool for my academic studies.",LAPTOP#DESIGN_FEATURES,positive,LAPTOP#USABILITY,positive
This laptop serves all my needs.,LAPTOP#GENERAL,positive,Screen size is perfect for portable use in any environment.,DISPLAY#DESIGN_FEATURES,positive,Price and purpose is awesome!,LAPTOP#PRICE,positive,,,,,
I have been very pleased with the performance of this laptop.,LAPTOP#OPERATION_PERFORMANCE,positive,"The battery life seems to be very good, and have had no issues with it.",BATTERY#OPERATION_PERFORMANCE,positive,Great product.,LAPTOP#GENERAL,positive,,,,,
The laptop was very easy to set up.,LAPTOP#USABILITY,positive,I did not have to call the support line at all.,,,Everything was so easy.,LAPTOP#USABILITY,positive,,,,,
I purchased two laptops (for my husband and 16 year old daughter).,,,"My husband uses it mostly for games, email and music.",,,"My daughter uses it for games, email, facebook, pictures and music.",,,They were able to set-up with labtops themselves within a few minutes.,LAPTOP#USABILITY,positive,,
"Waited on getting this computer, but it has been a great change.",LAPTOP#GENERAL,positive,Ease of use is just one of the benefits I love about my Mac.,LAPTOP#USABILITY,positive,,,,,,,,
Purchased as a gift for a friend.,,,The service I received from Toshiba went above and beyond the call of duty.,SUPPORT#QUALITY,positive,"My friend reports the notebook is astonishing in performance, picture quality, and ease of use.",LAPTOP#OPERATION_PERFORMANCE,positive,It is extremely portable and easily connects to WIFI at the library and elsewhere.,LAPTOP#PORTABILITY,positive,LAPTOP#CONNECTIVITY,positive
2nd Mac book I have purchased from MacConnection.,,,I cannot be happier with the service or product.,SUPPORT#GENERAL,positive,,,,,,,,
power supply went bad after 2 weeks --,POWER_SUPPLY#QUALITY,negative,after much effort and 10 days ASUS replaced it,SUPPORT#QUALITY,negative,The WiFi is very weak.,LAPTOP#CONNECTIVITY,negative,"I have other computers that get strong signals that don't drop in places that this ""net""book loses its signal.",,,,
This is a nicely sized laptop with lots of processing power and long battery life.,LAPTOP#DESIGN_FEATURES,positive,Love it so far.,LAPTOP#GENERAL,positive,,,,,,,,
The Toshiba Net book operates very well.,LAPTOP#OPERATION_PERFORMANCE,positive,The only objection I have is that after you buy it the windows 7 system is a starter and charges for the upgrade.,OS#MISCELLANEOUS,negative,,,,,,,,
"I bought this netbook for traveling, and it's great - light, functional, and meets my needs.",LAPTOP#GENERAL,positive,"The touchpad is extremely sensitive, which is the only drawback.",MOUSE#OPERATION_PERFORMANCE,negative,"Otherwise, I love it!",LAPTOP#GENERAL,positive,,,,,
I shopped around before buying.,,,I wasn't really sure I wanted to spend that kind of money!,LAPTOP#PRICE,negative,It Was a great deal after all.,LAPTOP#GENERAL,positive,I LOVE it!,LAPTOP#GENERAL,positive,,
"I've had the MacBook Pro 15 for about three weeks, and it really is a great computer.",LAPTOP#GENERAL,positive,I have only had PCs with Windows before so this takes a little getting use to.,OS#USABILITY,neutral,The real stand out on this computer is the feel of the keyboard and it's speed.,KEYBOARD#QUALITY,positive,"It is fast booting up , shutting down, and connection with the internet.",LAPTOP#OPERATION_PERFORMANCE,positive,LAPTOP#CONNECTIVITY,positive
"If what you need is a machine to do some surfing, email checking, word processing, and watching a movie or two, this is the machine you want.",LAPTOP#MISCELLANEOUS,positive,It's priced very reasonable and works very well right out of the box.,LAPTOP#PRICE,positive,"If you want a little more custom ability, drop a few bucks and upgrade to one of the more robust versions of Win 7 and grab a 2GB stick of memory to spice it all up a bit more.",,,(I found a 2GB stick for a bit under $50),,,,
"Okay, let's just start out by saying I am in no way a computer techy.",,,"I am a wife, mom and a school teacher and a college student.",,,"Trying to balance all of my roles leaves very little time for me to do anything, so I want to manage my time I do have to be the most efficient.",,,I work on a PC at home and have used Pc all through college.,,,,
I was looking for a mac which is portable and has all the features that I was looking for.,,,"The 13"" Macbook Pro just fits in my budget and with free shipping and no tax to CA this is the best price we can get for a great product.",LAPTOP#PRICE,positive,"The Macbook arrived in a nice twin packing and sealed in the box, all the functions works great.",LAPTOP#MISCELLANEOUS,positive,I would recommend anyone to buy from pcconnection express.,,,,
This was an update from an early MacBook Pro.,,,"Love the speed, especially!",LAPTOP#OPERATION_PERFORMANCE,positive,So glad I decided to upgrade!,LAPTOP#GENERAL,positive,"Thanks, MacConnection, for making this a seamless purchase!",,,,
"I've owned this labtop for less then two months, already the mouse button has broke.",MOUSE#QUALITY,negative,"Still under warrenty so called Toshiba, no help at all.",SUPPORT#QUALITY,negative,I'm stuck w/ a broken computer.,LAPTOP#QUALITY,negative,"Will not buy another Toshiba, this is my second, not happy w/ either.",LAPTOP#GENERAL,negative,COMPANY#GENERAL,negative
This is my 3rd Apple Laptop and first MacBook Pro.,,,"I love its solid build, light wt and excellent battery life (for now).",LAPTOP#QUALITY,positive,Excellent LED monitor and well equipped.,DISPLAY#DESIGN_FEATURES,positive,I love the Apple products.,COMPANY#GENERAL,positive,,
"The Toshiba Mini Notebook, Model NB 305-N410BL, is a great little computer.",LAPTOP#GENERAL,positive,"It is easy to use, its keyboard easily accommodates large hands, and its weight is fantasic.",KEYBOARD#DESIGN_FEATURES,positive,"Upgrading from Windows 7 Starter, thru Windows 7 Home Premium, to Windows 7 Professional was a snap;",LAPTOP#USABILITY,positive,both upgrades were quickly accomplished after purchasing the necessary Product Key.,LAPTOP#USABILITY,positive,,
"Ever since I bought this laptop, so far I've experience nothing but constant break downs of the laptop and bad customer services I received over the phone with toshiba customer services hotlines.",LAPTOP#QUALITY,negative,I constantly had to send my laptop in for services every 3 months and it always seems to be the same problem that they said they had already fixed.,LAPTOP#QUALITY,negative,"Toshiba customer services will indirectly deal with your problems by constantly tranferring you from one country to another, and I am not kidding you, I called different hours of the day and you'll get someone else from another country trying to get you to tell them your life story all over again, since they make it sound like they don't have your history list of your calls right in front of them.",SUPPORT#QUALITY,negative,It's a long and tirring process that after a while it seems like their game plan was to wear you out so you would want to give up on contacting them.,SUPPORT#QUALITY,negative,,
All I can say is W-O-W.,LAPTOP#GENERAL,positive,This laptop is insane!!!,LAPTOP#GENERAL,positive,It's so nice to look at and the keys are easy to type with.,LAPTOP#DESIGN_FEATURES,positive,I bought a protector for my key pad and it works great :),KEYBOARD#OPERATION_PERFORMANCE,positive,,
"Not a bad laptop, it's a bit slow, but gets the job done.",LAPTOP#GENERAL,positive,The lcd screen stopped working on mine after 10 months.,DISPLAY#QUALITY,negative,I could not find a phone number anywhere to call an actual live person for tech support and had to result the their online chat.,SUPPORT#MISCELLANEOUS,negative,"upon giving them the serial number the first thing I was told, was that it was out of warranty and I could pay to have it repaired even though I had the receipt in front of me proving it still had 2 months left on the warranty.",SUPPORT#QUALITY,negative,,
"This computer gets very hot, before shutting down.",LAPTOP#QUALITY,negative,It is not ideal for children because of the temp.,LAPTOP#QUALITY,negative,"I Contacted HPÂ Â about this situation and was given excuses, without results.",SUPPORT#QUALITY,negative,They didn't even try to assist me or even offer a replacement.,SUPPORT#QUALITY,negative,,
"Let's just get this out of the way, I love Apple!",COMPANY#GENERAL,positive,So this review might be a tad bit bias.,,,But the Macbook is the best!,LAPTOP#GENERAL,positive,It is super easy to use.,LAPTOP#USABILITY,positive,,
"No laptop is perfect, but sometimes you just find a computer that works for you.",,,This laptop does everything I need it to very well.,LAPTOP#GENERAL,positive,I bought this laptop so that the entire family had a computer in the living room;,,,the two of us use it regularly.,,,,
"Great, quick laptop for the money.",LAPTOP#GENERAL,positive,Right size and weight for portability.,LAPTOP#DESIGN_FEATURES,positive,Battery life needs more life.,BATTERY#OPERATION_PERFORMANCE,negative,Battery is not upgradable to a longer life battery.,LAPTOP#USABILITY,negative,,
Both my husband and I have this model Toshiba.,,,I love everything about it.,LAPTOP#GENERAL,positive,The only downfall is the battery only last 1.5-2.0 hrs when not plugged in.,BATTERY#OPERATION_PERFORMANCE,negative,I would like at least a 4 hr. battery life.,BATTERY#OPERATION_PERFORMANCE,negative,,
This mac is great!,LAPTOP#GENERAL,positive,"lightweight, long battery life, excellent transition from PC;",LAPTOP#DESIGN_FEATURES,positive,,,,,,,,
THIS HAS BEEN NOTHING BUT A HEADACHE SINCE WE PURCHASED IT.,LAPTOP#QUALITY,negative,"I will NEVER buy (Refurbished) again, I don't cae how cheap it is.",LAPTOP#MISCELLANEOUS,negative,I'll wait and save up for a new one.,,,Just don't waste your time and money on this.,LAPTOP#GENERAL,negative,,
Summary: Dont buy HP.,COMPANY#GENERAL,negative,"If you buy, pray you dont have major prolems.",COMPANY#GENERAL,negative,,,,,,,,
Runs Hot,LAPTOP#QUALITY,negative,I thought we were paying for quality in our decision to buy an Apple product.,COMPANY#GENERAL,negative,"Unfortunately, that is not the case.",,,"After a little more than a year of owning my MacBook Pro, the monitor has completely died.",DISPLAY#QUALITY,negative,,
"This purchase opened me to the world of Macbooks, and I am impressed with the intuition of the design, the beauty of the product, and the excellent technological advances associated with it.",LAPTOP#DESIGN_FEATURES,positive,,,,,,,,,,,
This is the third MacBook Pro in our family.,,,I bought my first MacBook after seeing the product demonstrated.,,,Then 2 of my nephews were going into music and both fell in love with the MacBook Pro.,LAPTOP#GENERAL,positive,Now they are believers in the product.,LAPTOP#GENERAL,positive,,
This little netboook is helping me get work done!,LAPTOP#GENERAL,positive,I can do pretty much 75% of what I do on my desktop on my kitchen table.,,,I homeschool my kids and with this netbook next to my desk we get to teaching and illustrating without skipping a beat.,LAPTOP#MISCELLANEOUS,positive,,,,,
I am first time Mac Buyer and am amazed at features and ease of use the Mac offers.,LAPTOP#DESIGN_FEATURES,positive,,,,,,,,,,,
"I bought it for my mom and she reports that the battery life lasts all day for her, it's very lightweight, and the response for the computing she's doing (Internet focused activity: mail, research, etc.) is excellent;",BATTERY#OPERATION_PERFORMANCE,positive,she can't tell the difference between it and her regular desktop system.,,,The overall build quality of the unit is excellent and she'd recommend it to anyone else looking for a netbook.,LAPTOP#QUALITY,positive,"If you're looking for something to fly through those massive spreadsheets or play a graphics-intensive game, you'd be better off getting a machine aimed at that segment of the market.",LAPTOP#MISCELLANEOUS,neutral,,
"previous laptops were pc's, still have them, but the mac osx is a clean and smooth operating system.",OS#DESIGN_FEATURES,positive,"still testing the battery life as i thought it would be better, but am very happy with the upgrade.",BATTERY#OPERATION_PERFORMANCE,neutral,,,,,,,,
"Probably as good as you can get in a netbook, does everything I ask for and has some very good unexpected pluses.",LAPTOP#GENERAL,positive,Has met or exceeded my needs for a compact travel device.,LAPTOP#PORTABILITY,positive,,,,,,,,
"So far, so good!",LAPTOP#GENERAL,positive,I've been impressed with the battery life and the performance for such a small amount of memory.,BATTERY#OPERATION_PERFORMANCE,positive,I don't understand why only Windows 7 Starter is included.,LAPTOP#DESIGN_FEATURES,negative,,,,,
Strong performance in this device makes use of fun and a strong sense of the era of speed,LAPTOP#OPERATION_PERFORMANCE,positive,This device serves all modern requirements is a very strong game and is very useful for designers.,LAPTOP#GENERAL,positive,Enjoy that Toshib force and durability unparalleled,LAPTOP#OPERATION_PERFORMANCE,positive,,,,,
"Needs longer lasting battery, More than 1 to 2 Hrs.",BATTERY#OPERATION_PERFORMANCE,negative,"Needs Power and Mouse Cable to Plug in back instead of side, In the way of operating a mouse in small area.",MOUSE#OPERATION_PERFORMANCE,neutral,For the use it was purchased for it is a good Laptop.,LAPTOP#MISCELLANEOUS,positive,Comfterbale to use light easy to transport.,LAPTOP#USABILITY,positive,LAPTOP#DESIGN_FEATURES,positive
"I love this product because it is Toshiba and its 15.6"".",LAPTOP#GENERAL,positive,"It has no camera but, I can always buy and install one easy.",LAPTOP#DESIGN_FEATURES,neutral,"I had a USB connect but, i can't use it because it is not compatible.",LAPTOP#USABILITY,negative,That's the downside for me.,LAPTOP#USABILITY,negative,,
Satisfy what I paid for it.,LAPTOP#GENERAL,positive,Good monitor and performed well.,DISPLAY#GENERAL,positive,I am using the external speaker- sound is good.,MULTIMEDIA_DEVICES#QUALITY,positive,Best thing is I can use existing 32 bit old programs.,LAPTOP#USABILITY,positive,,
The Toshiba laptop I am using is easier to use than most I have tried.,,,The games included are very good games.,SOFTWARE#GENERAL,positive,I am finding my way around this laptop better than my last one.,,,I would highly recommend this one to my friends,LAPTOP#GENERAL,positive,,
I bought this laptop because of the performance to price ratio.,LAPTOP#OPERATION_PERFORMANCE,positive,"It works great for general internet use, Microsoft Office apps, home bookkeeping, etc.",LAPTOP#MISCELLANEOUS,positive,"It doesn't have a lot of frills, but I didn't need any, and being able to buy what I needed, and not more than I needed was very important.",LAPTOP#DESIGN_FEATURES,neutral,,,,,
This computer I used daily nice compact design.,LAPTOP#DESIGN_FEATURES,positive,Excellent speed for processing data.,LAPTOP#OPERATION_PERFORMANCE,positive,And if you are a game player it works with World Of Warcraft wonderfully.,LAPTOP#MISCELLANEOUS,positive,Now when I order I did not go full scale for the webcam or full keyboard I wanted something for basics of being easy to carry when I use crutchs or wheelchair and with a backpack laptop bag.,,,,
Bought it to use mostly for oline classes.,,,i would have to say that overall its great!,LAPTOP#GENERAL,positive,"Aside from the trial software and the short battery life, lack of a webcam, its great.",SOFTWARE#MISCELLANEOUS,negative,"Fast, great visual!",LAPTOP#OPERATION_PERFORMANCE,positive,DISPLAY#QUALITY,positive
2nd Best computer in the world  only one way this computer might become the best is that it needs to upgreade patches  to make less easier for people to hack into,LAPTOP#GENERAL,positive,,,,,,,,,,,
Sells for the same as a netbook without sacrificing size.,,,My favorite part of this computer is that it has a vga port so I can connect it to a bigger screen.,LAPTOP#DESIGN_FEATURES,neutral,Great wifi too.,LAPTOP#CONNECTIVITY,positive,"The screen is a little glary, and I hated the clicking buttons, but I got used to them.",DISPLAY#QUALITY,negative,MOUSE#USABILITY,neutral
Overall for the money this is a good deal.,LAPTOP#GENERAL,positive,There is no number pad to the right of the keyboard which is a bummer.,KEYBOARD#DESIGN_FEATURES,negative,The speakers are terrible and are probably the cheapest ones I have ever seen in a laptop so if your planning to listen to music I suggest you get something better.,MULTIMEDIA_DEVICES#GENERAL,negative,"while the keyboard itself is alright, the plate around it is cheap plastic and makes a hollow sound when using the mouse command buttons.",KEYBOARD#GENERAL,neutral,LAPTOP#QUALITY,negative
"I am overall very pleased with my toshiba satellite, I like the extra features, I love the windows 7 home premium.",LAPTOP#GENERAL,positive,"The battery life has not decreased since I bought it, so i'm thrilled with that.",BATTERY#OPERATION_PERFORMANCE,positive,"I also love the design, the looks, the feel, and the my toshiba feature is wonderfull.",LAPTOP#DESIGN_FEATURES,positive,I would easly reccomend this laptop to a friend.,LAPTOP#GENERAL,positive,,
Couldnt not use it.,LAPTOP#USABILITY,negative,Tried to make a recovey disk wouldnt get passed the first recovery disk.,LAPTOP#USABILITY,negative,defective software.,SOFTWARE#QUALITY,negative,returned it to walmart.,LAPTOP#GENERAL,negative,,
I would like to have volume buttons rather than the adjustment that is on the front.,LAPTOP#DESIGN_FEATURES,negative,I also had a problem with the touchpad that caused the mouse pointer to jump all over the screen.,MOUSE#OPERATION_PERFORMANCE,negative,I went to Toshiba online help and found some suggestions to fix it.,SUPPORT#QUALITY,positive,One of them seems to have worked.,SUPPORT#QUALITY,positive,,
Its a good laptop for its value.,LAPTOP#GENERAL,positive,Registration/1st use is easy.,LAPTOP#USABILITY,positive,Features like the font are very block-like and old school.,LAPTOP#DESIGN_FEATURES,negative,"Would like more trendy, high tech features.",LAPTOP#DESIGN_FEATURES,negative,,
I'm really impressed with the quality and performance for the price of the computer.,LAPTOP#QUALITY,positive,"Graphics are clean and sharp, internet interfaces are seamless.",GRAPHICS#QUALITY,positive,"Only issue is that it is a little slow, and I'm fixing that by adding more RAM.",LAPTOP#OPERATION_PERFORMANCE,negative,Sound card is limited though.,MULTIMEDIA_DEVICES#DESIGN_FEATURES,negative,,
"The laptop is very lightweight, can easily carry around in a knapsack full of text books and it barely adds any weight.",LAPTOP#DESIGN_FEATURES,positive,It is small enough to fit in one of my purses!,LAPTOP#DESIGN_FEATURES,positive,"Windows 7 Starter is terrific (no you can't change the background) but I don't need to, I use it just for school work.",OS#GENERAL,positive,"The battery life is amazing, the versitility is outstanding.",BATTERY#OPERATION_PERFORMANCE,positive,LAPTOP#USABILITY,positive
Awesome laptop and the perfect size to carry around in college.,LAPTOP#GENERAL,positive,I couldn't believe how long the battery lasted on a single charge.,BATTERY#OPERATION_PERFORMANCE,positive,I loaded windows 7 via Bootcamp and it works flawlessly!,OS#OPERATION_PERFORMANCE,positive,Simply amazing computer!!,LAPTOP#GENERAL,positive,,
"I really like the Mac 15.4in. Notebook, but its very pricey.",LAPTOP#GENERAL,positive,"Heck, I like all Mac computers, but they're all WAY too pricey for the kind of economy the U.S. is going through.",,,"Love the graphics, awesome programs (including Garageband), and really cool default background.",GRAPHICS#GENERAL,positive,"But, like I said before, the only reason I don't currently have a Mac laptop is because all of their laptops are too pricey.",LAPTOP#PRICE,negative,,
"Waiting for the i7 was well worth it, great value for the price.",LAPTOP#GENERAL,positive,"Bigger HD, better graphics card, and a bid HD.",HARD_DISC#DESIGN_FEATURES,positive,There is nothing to complain about the system.,LAPTOP#GENERAL,positive,I have used PC's and converting to this MacBook Pro was easy.,LAPTOP#USABILITY,positive,,
This is my first personal Satellite purchase but had very good experience through previous Satellite work issued laptops.,,,"I mainly use it for email, internet, and managing personal files (pics, vids, etc.).",,,I occassionaly use it for work via VPN and it has not given me any problems.,LAPTOP#MISCELLANEOUS,positive,"The screen is nice and the images comes very clear, the keyboard and the fit just feels right.",DISPLAY#GENERAL,positive,DISPLAY#QUALITY,positive
The apple MacBook is the best investment that I have ever made.,LAPTOP#GENERAL,positive,I previously owned a Toshiba and it only lasted about 2 years.,,,The newer MacBook that I have purchased is one of the best computers.,LAPTOP#GENERAL,positive,I am a college student and it has been very useful.,LAPTOP#MISCELLANEOUS,positive,,
I have owned macbook pros since 2005 and this is the best yet!,,,I have had no problems with it unlike some hardware defects on past models.,,,I have never had to shut down the computer unexpectedly and the computer has never froze on me.,LAPTOP#OPERATION_PERFORMANCE,positive,"The screen is bright and vivid and the keyboard is very easy to use, very important for use quick typers.",DISPLAY#QUALITY,positive,KEYBOARD#USABILITY,positive
The graphics are stunning.,GRAPHICS#GENERAL,positive,It's wonderful for computer gaming.,LAPTOP#MISCELLANEOUS,positive,I would definitely suggest this laptop!,LAPTOP#GENERAL,positive,It is very user friendly and not hard to figure out at all.,LAPTOP#USABILITY,positive,,
This computer was awful!,LAPTOP#GENERAL,negative,I will never buy another computer from Dell ever again do to how awful it worked and how I was treated by the company.,COMPANY#GENERAL,negative,The computer first started malfunctioning 3 months after purchasing it.,LAPTOP#OPERATION_PERFORMANCE,negative,It does not keep internet signals no matter where you bring it.,LAPTOP#CONNECTIVITY,negative,,
"It is so simple to use, I use it more than my desktop.",,,"It is well worth the money it cost, Very good investment.",LAPTOP#GENERAL,positive,,,,,,,,
The new Macbook Pro 15 inch i7 is nothing short of amazing.,LAPTOP#GENERAL,positive,The speed is incredible and I am more than satisfied.,LAPTOP#OPERATION_PERFORMANCE,positive,"Yes, a Mac is much more money than the average laptop out there, but there is no comparison in style, speed and just cool factor.",,,,,,,
"BOUGHT FROM WAL-MART, I BELIEVE THAT THIS LAPTOP WAS A REPAIRED ITEM.",LAPTOP#MISCELLANEOUS,neutral,THIS LAPTOP WAS BAD FROM THE FIRST DAY OF USE----BROUGHT IT BACK TO STORE FOR RETURN OF MONEY.,LAPTOP#QUALITY,negative,NOW AM VERY APREHENSIVE ABOUT TOSHIBA LAPTOPS.,COMPANY#GENERAL,negative,WILL NOT EVERY BUY ANOTHER--------LOU,LAPTOP#GENERAL,negative,,
This is a great value for the money.,LAPTOP#GENERAL,positive,We purchased this as a back up computer after our more expensive HP needed to be repaired.,,,This is a great computer.,LAPTOP#GENERAL,positive,We haven't had any problems with it at all.,LAPTOP#GENERAL,positive,,
I still see the benefits of a PC when I do not know how to do something on my mac.,,,"But let me tell you, the mac book pro is so professional.",LAPTOP#GENERAL,positive,Its very nice and once you learn the features you will be so happy to have such a sophisticated computer.,LAPTOP#GENERAL,positive,"For example, when my husband turns the light out while I'm on the computer. the screen brightness automatically adjusts.",DISPLAY#DESIGN_FEATURES,positive,,
"I get a ton of compliments on its size, and speaking as someone who regularly commutes on a bus, I can attest to the fact that this is the perfect size computer if you're restricted to the width of your body for computing room.",LAPTOP#DESIGN_FEATURES,positive,Very long-life battery (up to 10-11 hours depending on how you configure power level settings).,BATTERY#OPERATION_PERFORMANCE,positive,"I upgraded the memory and replaced the base Windows 7 Starter to Win 7 Home, and it runs just fine.",LAPTOP#USABILITY,neutral,"I play a lot of casual games online, and the touchpad is very responsive.",MOUSE#OPERATION_PERFORMANCE,positive,,
I have used both PCs and Macs and I have to say that I really really love my Mac Book Pro.,,,"While most people say that PCs hold functionality and value and Macs are just pretty to look at, I think there's something to be said about the simplicity of Macs.",,,Everything from the design to the OS is simple and to the point.,LAPTOP#DESIGN_FEATURES,positive,LOVE IT LOVE IT LOVE IT!,LAPTOP#GENERAL,positive,,
It really is perfect for work and play.,LAPTOP#MISCELLANEOUS,positive,I am able to play 720p and 1080p media files just fine with it.,LAPTOP#MISCELLANEOUS,positive,Everything I have tried has worked and I never have to carry the wall charger cause the battery is so awesome.,LAPTOP#OPERATION_PERFORMANCE,positive,"The only thing that isn't perfect about this netbook is the speakers, they are not loud at all but I expected that.",MULTIMEDIA_DEVICES#QUALITY,negative,,
lots of preloaded software.,LAPTOP#DESIGN_FEATURES,neutral,"the only problem is that i had to add 1 gb RAM, the computer was kinda slow.",MEMORY#DESIGN_FEATURES,negative,"tosiba has a good reputation, my llast computer was an acer.",COMPANY#GENERAL,positive,this is starting off good.,LAPTOP#GENERAL,positive,,
What a great little laptop.,LAPTOP#GENERAL,positive,Maybe not the cutting edge (Satellite L455D) but it is a workhorse.,LAPTOP#DESIGN_FEATURES,neutral,I bought it to use in college and it is perfect.,LAPTOP#MISCELLANEOUS,positive,I dual boot with Linux and that other security-prone OS and it performs flawlessly.,LAPTOP#OPERATION_PERFORMANCE,positive,,
Excellent product for the money.,LAPTOP#GENERAL,positive,"No problems, no lock ups, no disappointments.",LAPTOP#OPERATION_PERFORMANCE,positive,"Not super fancy, but not super expensive either.",LAPTOP#DESIGN_FEATURES,neutral,"Have had many higher priced computers crash and burn long before ever got to use all that great memory and speed, etc.",,,,
As an owner of a Toshiba Satalite laptop computer things you should know before you buy.,,,The Computer itself is a good product but the repair depot stinks.,LAPTOP#GENERAL,positive,I have had to send in my laptop three times to get it fixed.,SUPPORT#QUALITY,negative,Two of the times was in one month.,,,,
The Mac Book Pro performs flawlessly.,LAPTOP#OPERATION_PERFORMANCE,positive,"Never had a single problem, and don't have to worry about viruses.",LAPTOP#GENERAL,positive,"While I mostly use it for email, internet and gaming, I'm confident all other applications live up to the high standard I've come to appreciate from Mac laptops.",LAPTOP#MISCELLANEOUS,positive,Worth the investment and truly a fine piece of equipment.,LAPTOP#GENERAL,positive,,
"Right out of the box, this little netbook did everything I asked of it, including streaming the everyday video you're bound to encounter checking mail and websites (my biggest complaint previously).",LAPTOP#GENERAL,positive,"It even has a great webcam, and Skype works very well.",LAPTOP#DESIGN_FEATURES,positive,The fact that you can spend over $100 on just a webcam underscores the value of this machine.,LAPTOP#GENERAL,positive,"The Windows 7 Starter is, in my opinion, a great way to think about using your netbook: basics, basics, basics.",OS#GENERAL,negative,,
little short on RAM but you get what you pay for.,MEMORY#DESIGN_FEATURES,neutral,"the hinge design forced you to place various connections all around the computer, left right and front.",LAPTOP#DESIGN_FEATURES,negative,"the headphone and mic jack are in front of touch-pad making the touch-pad hard to use when using headphones/mic, not to mention the laptop was designed for right handed person.",PORTS#DESIGN_FEATURES,negative,Cords coming out the right for power plus cords coming out front for headphones/mic plus network connection on left make for a very messy setup with cords going every direction.,LAPTOP#DESIGN_FEATURES,negative,LAPTOP#USABILITY,negative
I was happy with My purchase of a Toshiba Satellite L305D-S5934 laptop until it came time to have it repaired under the Toshiba Warranty.,LAPTOP#GENERAL,positive,The computer was shipped to their repair depotÂ  on june 24 and returned on July 2 seems like a short turn around time except the computer was not repaired when it was returned.,SHIPPING#QUALITY,positive,I called their repair depot as was told they would send Me a new box to return the computer to the repair depot.,,,They were totally unconcerned that the computer was not correctly repaired in the first place.,SUPPORT#QUALITY,negative,,
Windows Vista makes this computer almost unusable for online service.,OS#GENERAL,negative,I've tried going back to XL but there still problems.,LAPTOP#USABILITY,negative,The technical service for dell is so 3rd world it might as well not even bother.,SUPPORT#QUALITY,negative,Just a bunch of idiots who's English as a 5th language is forced at best.,SUPPORT#QUALITY,negative,,
Good price.,LAPTOP#PRICE,positive,Basic computer.,LAPTOP#MISCELLANEOUS,neutral,Didn't work when shipped from Walmart.com but went into a store and exchanged for a working laptop (same make/model).,LAPTOP#MISCELLANEOUS,neutral,It has worked fine.,LAPTOP#OPERATION_PERFORMANCE,positive,,
Handles all my basic media needs easily.,LAPTOP#MISCELLANEOUS,positive,Can listen to my music and watch my videos with ease and with a great display.,DISPLAY#GENERAL,positive,It is speedy when connected wirelessly to any network regardless if the connection is weak or not.,LAPTOP#OPERATION_PERFORMANCE,positive,It's a great prodcut to handle basic computing needs.,LAPTOP#MISCELLANEOUS,positive,,
I've had this laptop for about a month now.,,,It has served my needs quite nicely for the most part.,LAPTOP#GENERAL,positive,"The 2 GB of RAM is plenty, able to run Windows 7 and at least 2 or 3 other programs with next to no slowdown.",MEMORY#DESIGN_FEATURES,positive,"The ATI graphics card is a huge plus, definitely a good value if you need to be able to run some slightly older games that a Intel built-in card would have trouble with, such as Half-Life 2 or even World of Warcraft.",,,,
Let me start with the good:So awesome.,LAPTOP#GENERAL,positive,"Great OS, fabulous improvements to the existing line bumping up the processor speed and adding the thunderbolt port.",OS#GENERAL,positive,This is my second MacBook.,,,"The first one I had was a 2006 model, not the Pro.",,,,
"The pro is a great product, I wish that the 13 inch models came with the Intel i processors and had a more comfortable edge (the edges hurt my wrists).",LAPTOP#GENERAL,positive,Other than that its a great performing machine and well meets all my needs and more.,LAPTOP#OPERATION_PERFORMANCE,positive,Great product by Apple with the new great looking design.,LAPTOP#GENERAL,positive,,,,,
"This computer was bought because I wanted ""top of the line"", fast, reliable, HA.",,,"I actually had the hard drive replaced twice, the mother board once, the dvd drive twice, then they FINALLY agreed to replace it, (ALL OF THIS IN LESS THAN 1 1/2 YEARS!)only to get another ""HP/Compaq"" piece of crap.",HARD_DISC#QUALITY,negative,"It was slow, locked up, and also had hardware replaced after only 2 months!",LAPTOP#OPERATION_PERFORMANCE,negative,"So, buyers beware!",LAPTOP#GENERAL,negative,,
My husband got me this for Chrismas after getting me a very expensve laptop that did not work after 2 days.,,,So we exchanged it for the same on and after 2 hours it didn't work.,,,I went with him and we picked this one.,,,"It is made better, thicker, and all out tough!",LAPTOP#QUALITY,positive,LAPTOP#DESIGN_FEATURES,positive
I purchased a Toshiba Satellite M60 (with harman/kardon speakers!) in December of 2005.,,,It still serves me well both in business and home needs.,,,"It is, however, very heavy.",,,I recently purchased the mini and absolutely love it!,LAPTOP#GENERAL,positive,,
From the moment I opened the box to the present it has been a great joy.,LAPTOP#GENERAL,positive,"It is always reliable, never bugged and responds well.",LAPTOP#QUALITY,positive,I love the operating system and the preloaded software.,OS#GENERAL,positive,,,,,
I am a freelance graphic artist.,,,I need graphic power to run my Adobe Creative apps efficiently.,,,This machine delivers.,LAPTOP#OPERATION_PERFORMANCE,positive,It is much faster than my desktop which is a Core2 Quad running at 2.83 GHz.,,,,
The acer one compuer is a great computer.,LAPTOP#GENERAL,positive,I didn't want to buy a generic brand computer but it is really nice.,LAPTOP#GENERAL,positive,"Its fast, has High definition quality in the videos.",LAPTOP#OPERATION_PERFORMANCE,positive,The pictures are clear as can be.,DISPLAY#QUALITY,positive,,
"Well, I have to say since I bought my Mac, I won't ever go back to any Windows.",,,It's solid.,LAPTOP#QUALITY,positive,Love the stability of the Mac software and operating system.,SOFTWARE#OPERATION_PERFORMANCE,positive,The only downfall is a lot of the software I have won't work with Mac and iWork is not worth the price of it.,SOFTWARE#USABILITY,negative,SOFTWARE#GENERAL,negative
i love to use it it is esay and light.,LAPTOP#GENERAL,positive,this laptop is durable and it is easy to travel with.,LAPTOP#QUALITY,positive,i needed one to be able to carry to work everyday and this one seems to fit all of the criteria.,LAPTOP#PORTABILITY,positive,this laptop is great for work and doing my pictures.,LAPTOP#MISCELLANEOUS,positive,,
From the second you open the box you will fall in love with this computer!,LAPTOP#GENERAL,positive,The OS is still as fast as the day that the laptop was purchased and continues to run flawlessly.,OS#OPERATION_PERFORMANCE,positive,"The track pad to me is what really stands out though, you can do several different things with it just depending on how many fingers you use on the track pad, awesome thinking Apple!",MOUSE#DESIGN_FEATURES,positive,"Have not yet needed any customer support with this yet so to me that is a great thing, which is leaps and bounds ahead of PC in my opinion.",,,,
"From the start, when you open the box you see a completely different class of machine.",LAPTOP#GENERAL,positive,The ease in which you set everything up is such that a child could do it.,LAPTOP#USABILITY,positive,"The screen is bright and clear, the operating system is solid and friendly to a novice.",DISPLAY#QUALITY,positive,"Fast, fast and fast, the web pages just fly by.",LAPTOP#OPERATION_PERFORMANCE,positive,,
"been a PC user for many, many years.",,,"Let me tell you, this machine is great.",LAPTOP#GENERAL,positive,"Purchased for development purposes, but it has turned into my everyday laptop as well for surfing, e-mail, etc.",LAPTOP#MISCELLANEOUS,positive,"I thought learning the Mac OS would be hard, but it is easily picked up if you are familiar with a PC.",OS#USABILITY,positive,,
"Ok, this is probably the best laptop series ever devised by Apple.",LAPTOP#GENERAL,positive,The case is carved out of a single block of aluminum.,LAPTOP#QUALITY,positive,"Although I opted for the lowest end MacBook Pro, this thing holds its own.",,,"The processor screams, and because of the unique way that Apple OSX 16 functions, most of the graphics are routed through the hardware rather than the software.",CPU#OPERATION_PERFORMANCE,positive,OS#OPERATION_PERFORMANCE,positive
Took it back as it was defective.,LAPTOP#QUALITY,negative,Page just disapeared after you got yahoo or downloaded something.,LAPTOP#OPERATION_PERFORMANCE,negative,Couldn't keep a page up you were working on!,LAPTOP#OPERATION_PERFORMANCE,negative,,,,,
was a great deal i will give that.,LAPTOP#PRICE,positive,the laptop preformed pretty well.,LAPTOP#OPERATION_PERFORMANCE,positive,it cant fuction well with lots of webpages open at once.,LAPTOP#OPERATION_PERFORMANCE,negative,it has times were it freezes for 10 seconds and then starts again.,LAPTOP#OPERATION_PERFORMANCE,negative,,
I am very happy with this laptop.,LAPTOP#GENERAL,positive,For the price and what I get out of it has exceeded my expectations.,LAPTOP#PRICE,neutral,I always have used a tower home PC and jumped to the laptop and have been very satisfied with its performance.,LAPTOP#OPERATION_PERFORMANCE,positive,,,,,
"First things first, Macbook pro has many applications to make life easier, unlike the windows computers.",,,Amazing Quality!,LAPTOP#QUALITY,positive,Plus stylish.,LAPTOP#DESIGN_FEATURES,positive,"The big screen allows you to enjoy watching movies , pictures and etc!",DISPLAY#DESIGN_FEATURES,positive,,
Was not happy with one of the programs on it.,SOFTWARE#GENERAL,negative,"It was not clear that the Microsoft Student Edition that was loaded on the computer, was a six month trial.",SOFTWARE#MISCELLANEOUS,negative,"Also, the extended warranty was a problem.",WARRANTY#GENERAL,negative,The extended warranty for the $4000 and up computers was the only one available for purchase on the drop drown menu.,WARRANTY#MISCELLANEOUS,negative,,
I took 3-4 years researching brands and prices of laptops.,,,I finally decided on this laptop because it was the right price for what I need it.,LAPTOP#PRICE,positive,"I did think it had a camera because that was one of my requirements, but forgot to check in the specifications on this one before I purchased.",LAPTOP#DESIGN_FEATURES,negative,So I'm disappointed in that because communicating with my relatives out of the area is a priority.,LAPTOP#DESIGN_FEATURES,negative,,
I bought this eMachines Notebook PC in January of this year and I am highlyÂ dissatisfied with it.,LAPTOP#GENERAL,negative,The Internet Explorer was very slow from the very beginning.,SOFTWARE#OPERATION_PERFORMANCE,negative,"It freezes, and it always shows that there is an error, so I have to restart it a few times every time I use it.",SOFTWARE#OPERATION_PERFORMANCE,negative,I tried to upgrade it to a newer version a couple of months ago and I still have the same problem.,SOFTWARE#OPERATION_PERFORMANCE,negative,,
This laptop is the most amazing little peice of machinery I have owned outside of the Iphone.,,,"It took me a while top get away from the land of PCs, but now that I have, I can't see myself going back to it.",,,The laptop is gorgeous.,LAPTOP#GENERAL,positive,"It is sleek, smooth, and lightweight.",LAPTOP#DESIGN_FEATURES,positive,LAPTOP#OPERATION_PERFORMANCE,positive
Overall this laptop is great.,LAPTOP#GENERAL,positive,"It has plenty of memory, lots of hard drive, and great graphics.",MEMORY#DESIGN_FEATURES,positive,It runs very quiet too which is a plus.,LAPTOP#QUALITY,positive,The only bad thing about it is they give you the worst batteries possible.,BATTERY#GENERAL,negative,,
This a starter notebook.,,,The processor a AMD Semprom at 2.1 ghz is a bummer it does not have the power for HD or heavy computing.,CPU#OPERATION_PERFORMANCE,negative,The notebook is lacking a HDMI port and a S-video port that would enable one to hook it to a TV.,LAPTOP#DESIGN_FEATURES,negative,If you check you will find the same notebook with the above missing ports and a dual core AMD or Intel processor.,,,,
This laptop is a great price and has a sleek look.,LAPTOP#PRICE,positive,Runs smooth and quick.,LAPTOP#OPERATION_PERFORMANCE,positive,"I wish it had a webcam though, then it would be perfect!",LAPTOP#DESIGN_FEATURES,negative,,,,,
I Love my new computer!,LAPTOP#GENERAL,positive,Its fast and another thing I like is that it has three USB ports.,LAPTOP#OPERATION_PERFORMANCE,positive,I love to write and play with graphics and html programming and my new Toshiba works great on both!,LAPTOP#MISCELLANEOUS,positive,Thank you for your great product!,LAPTOP#GENERAL,positive,COMPANY#GENERAL,positive
Everything about this computer is easy to use.,LAPTOP#USABILITY,positive,wonderful features.,LAPTOP#DESIGN_FEATURES,positive,The only thing is that the battery won't last more than 1/2 an hour.,BATTERY#OPERATION_PERFORMANCE,negative,It discharges too quickly.,BATTERY#OPERATION_PERFORMANCE,negative,,
It has good speed and plenty of hard drive space.,LAPTOP#OPERATION_PERFORMANCE,positive,The only downfall is the volume control.,MULTIMEDIA_DEVICES#GENERAL,negative,The wheel that turns the volume up and down doesn't work in real time.,MULTIMEDIA_DEVICES#OPERATION_PERFORMANCE,negative,I have to keep turning it until it decides to lower and there is no mute.,MULTIMEDIA_DEVICES#OPERATION_PERFORMANCE,negative,MULTIMEDIA_DEVICES#USABILITY,negative
I bought my macbook a few months ago and it has been my baby ever since.,LAPTOP#GENERAL,positive,I love it so much.,LAPTOP#GENERAL,positive,"It has come into good use for my finances, scheduling, my parents business expenses, and it is definitely amazing for gaming.",LAPTOP#MISCELLANEOUS,positive,"The best thing is even while doing almost ten or twenty things at once, it never slows down.",LAPTOP#OPERATION_PERFORMANCE,positive,,
I purchased this laptop while on a business trip to keep up with my email.,,,I had left my regular laptop at home and needed something to use while out of town .,,,The price and features more than met my needs.,LAPTOP#PRICE,positive,I love WIndows 7 which is a vast improvment over Vista.,,,,
I love my macbook pro!,LAPTOP#GENERAL,positive,I have been a mac user since the mid 90s.,,,I grew up in a design family so it only made sense.,,,My laptop is almost 2yrs old and I have never had any problems with it.,LAPTOP#GENERAL,positive,,
"Since I keyboard over 100 wpm, I look for a unit that has a comfortble keyboard (no keys sticking or lagging, strange configuration of ""extra key"", etc.",,,I love the keyboard.,KEYBOARD#GENERAL,positive,Most laptops and notebooks are difficult to key on.,,,This unit is not.,,,,
The display is awesome.,DISPLAY#GENERAL,positive,The resolution is even higher then any other laptop on the market.,,,Only thing I would want to add to this is an internal bluray read/write drive.,LAPTOP#DESIGN_FEATURES,neutral,But other than that I am blown away by all the features this laptop offers.,LAPTOP#DESIGN_FEATURES,positive,,
I think this computer is super lame.,LAPTOP#QUALITY,negative,I dont understand how anyone can think this is a great product worth purchasing.,LAPTOP#GENERAL,negative,I went to my local Best Buy looking for a new laptop since mine broke.,,,I decided to get this pile of crap on a whim and totally freaking regret it.,LAPTOP#QUALITY,negative,,
"I bought this last week, and the very next day had to return it because it over heated and the touch-mouse stopped responding.",LAPTOP#QUALITY,negative,"got another 1, and same issue.",LAPTOP#QUALITY,negative,I am taking back today.,LAPTOP#GENERAL,negative,Don't waste your money or time.,LAPTOP#GENERAL,negative,,
STOPPED BOOTING UP less than a week after my one-year warranty was up.,LAPTOP#OPERATION_PERFORMANCE,negative,Toshiba knows there is a manufacturing defect but will not acknowledge it.,SUPPORT#QUALITY,negative,"Summary: After doing some investigation on the web, I have found that Toshiba NB205s are not chronically not booting.",,,"Apparently there is a manufacturing defect, something with the amount of thermal paste.",LAPTOP#QUALITY,negative,,
I've had my MacBook Pro for three years now and still love it!,LAPTOP#GENERAL,positive,"In those three years, I've had a couple of minor problems and both were resolved by Apple quickly and easily.",SUPPORT#QUALITY,positive,"My power supply cord developed exposed wires within the first year of ownership, so it was covered by the Applecare warranty plan.",POWER_SUPPLY#QUALITY,negative,"After a couple of years, my battery life began to diminish but was replaced for free due to a company-wide recall of my particular battery.",BATTERY#OPERATION_PERFORMANCE,negative,SUPPORT#MISCELLANEOUS,positive
Needs constant repair.,LAPTOP#QUALITY,negative,First the screen goes completely out.,DISPLAY#OPERATION_PERFORMANCE,negative,"Then HP sends it back to me with the hardware screwed up, not able to connect.",SUPPORT#QUALITY,negative,"Now the screen is going darker, darker, darker.",DISPLAY#OPERATION_PERFORMANCE,negative,,
So far so good with this laptop.,LAPTOP#GENERAL,positive,"Fan vents to the side, so no cooling pad needed, great feature!",FANS_COOLING#DESIGN_FEATURES,positive,Screen is crystal clear and the system is very responsive.,DISPLAY#QUALITY,positive,Memory is upgradable.,LAPTOP#USABILITY,positive,,
I have owned many computers and laptops.,,,I HATE this one.,LAPTOP#GENERAL,negative,Vista is a nightmare.,OS#GENERAL,negative,No tutorials on the display.,LAPTOP#MISCELLANEOUS,negative,,
The Macbook is a fantastic laptop.,LAPTOP#GENERAL,positive,This is the first macbook I have ever had.,,,I came from the Dell Laptops and now I am so glad I switched when I needed a new laptop.,,,The macbooks are small enough to be very portable yet hold tons of information and performance.,,,,
This was purchased for my daughter and I was pleasantly surprised.,LAPTOP#GENERAL,positive,I wasn't a big fan of the Netbooks but this one was very well designed.,,,It had the full sized touch pad with 2 buttons instead of just one.,MOUSE#DESIGN_FEATURES,positive,It made the computer much easier to use and navigate.,LAPTOP#USABILITY,positive,,
"When I got this laptop in 2007 to help me with school, I had a hard time from beginning.",LAPTOP#QUALITY,negative,"I feel that it was poorly put together, because once in a while different plasticÂ piecesÂ would come off of it.",LAPTOP#QUALITY,negative,,,,,,,,
Quite simply this is the best laptop I have ever owned.,LAPTOP#GENERAL,positive,"I have had several machines over the years, both for personal and business use.",,,All of them were Windows machines.,,,"Don't get me wrong, I am no Microsoft hater, I've just managed to turn into a much bigger Apple fan because of this machine.",,,,
"I love the 15"" MacBook Pro.",LAPTOP#GENERAL,positive,"My parents bought it for me as a graduation gift, and i'm totally (almost kind of maybe definitely) obsessed with it.",LAPTOP#GENERAL,positive,It was very easy to just pick up and use--,LAPTOP#USABILITY,positive,It did not take long to get used to the Mac OS.,OS#USABILITY,positive,,
I've always owned a PC and decided to try a MacBook to see what it's all about.,,,I love it!,LAPTOP#GENERAL,positive,I'm so glad I purchased a Mac and not another PC!!!,,,They definitely have a superior product!,LAPTOP#GENERAL,positive,COMPANY#GENERAL,positive
"Its not just slow on the internet, its slow in general.",LAPTOP#OPERATION_PERFORMANCE,negative,No I am generous calling it slow.,LAPTOP#OPERATION_PERFORMANCE,negative,its more like a snail crawl.,LAPTOP#OPERATION_PERFORMANCE,negative,I bought for my son in the 2nd grade.,,,,
"the key bindings take a little getting used to, but have loved the Macbook Pro.",KEYBOARD#USABILITY,neutral,Delivery was early too.,SHIPPING#QUALITY,positive,,,,,,,,
It allows me to do everything I need from a computer and more.,LAPTOP#GENERAL,positive,"With awesome graphics and assuring security, it's perfect!",GRAPHICS#GENERAL,positive,"The difference in the Apple keyboard from a PC's keyboard took a bit of tim to get used to, but overall it's worth it!",,,I'd recommend this laptop to anyone!,LAPTOP#GENERAL,positive,,
The Toshiba Satellite laptop is  DESIGNED  to fail !,LAPTOP#GENERAL,negative,The board has a bad connector with the power supply and shortly after warrenty expires the power supply will start having issues.,MOTHERBOARD#QUALITY,negative,Toshiba is aware of the issue but unless the extended warrenty is bought Toshiba will do nothing about it.,SUPPORT#QUALITY,negative,I actually contact Toshiba before I started having problem and was given run around after I supplied serial number in order to delay me sending in laptop until after warrenty expired.,SUPPORT#QUALITY,negative,,
"It has far exceeded my expectations for power, storage, and abilitiy.",LAPTOP#OPERATION_PERFORMANCE,positive,It is easy to navigate and update programs.,LAPTOP#USABILITY,positive,"My kids have to take their PCs in once a year to have them ""de-bugged"".",,,I've never had problems with viruses.,LAPTOP#QUALITY,positive,,
I would like to tell you about the best laptop I just got from Mac.,LAPTOP#GENERAL,positive,"I work in film editing and post production, so I need a laptop that not only has power, but memory and speed as well.",,,My mac laptop is fabulous in both areas.,LAPTOP#OPERATION_PERFORMANCE,positive,It gives me the power and speed that I need to run all the programs I use to edit.,LAPTOP#OPERATION_PERFORMANCE,positive,,
"Great laptop for school, easy to use for beginners in the household.",LAPTOP#MISCELLANEOUS,positive,Keyboard is great but primary and secondary control buttons could be more durable.,KEYBOARD#GENERAL,positive,Battery life could be better but overall for the price and Toshiba's reputation for laptops it's great!,BATTERY#OPERATION_PERFORMANCE,negative,,,,,
My MacBook Pro has been a huge disappointment.,LAPTOP#GENERAL,negative,"From the build quality to the performance, everything about it has been sub-par from what I would have expected from Apple.",LAPTOP#QUALITY,negative,"The system constantly overheats, the battery life is too short, the case is coming apart, and my core applications that I use every day in my work as a graphic artist run poorly.",BATTERY#OPERATION_PERFORMANCE,negative,I would not recommend this product to anyone.,LAPTOP#GENERAL,negative,,
"Screen is awesome, battery life is good.",DISPLAY#GENERAL,positive,Really like the textured surface which shows no fingerprints.,LAPTOP#QUALITY,positive,Good laptop for the money.,LAPTOP#GENERAL,positive,"Speakers don't get that loud, but good enough.",MULTIMEDIA_DEVICES#QUALITY,neutral,,
I can't imagine EVER buying a PC again!,,,I have had a Mac for 6 years and won't go back to PC.,,,They don't crash.,LAPTOP#OPERATION_PERFORMANCE,positive,"If a website ever freezes (which is rare), its really easy to force quit.",LAPTOP#OPERATION_PERFORMANCE,positive,,
I simply got tired of a bad computer like windows with its constant freezing and anti-virus.,,,I got my MacBook Pro because I wanted to do all the stuff I need to do without worrying about the system quitting on me or freezing for a few minutes.,,,Now that I have it I see that I really needed this for much more.,LAPTOP#GENERAL,positive,"I run Dreamweaver, Final Cut Pro 7, Photoshop, Safari, Firefox, MSN Messenger and a few other applications constantly at the same time.",LAPTOP#OPERATION_PERFORMANCE,positive,,
I've had my Macbook Pro since August 2009.,,,"Prior to this computer, I owned a PowerBook G4 for 6 years (quite a long time for a laptop).",,,That was my first Apple product and since then I have been incredibly happy with every product of theirs I have bought.,COMPANY#GENERAL,positive,My MacBook Pro is no exception.,LAPTOP#GENERAL,positive,,
Shiny,LAPTOP#GENERAL,positive,This Laptop is the Best of the best!,LAPTOP#GENERAL,positive,The Awesomest of the awesomest.,LAPTOP#GENERAL,positive,"It is so great, I can Hardly ever take my hands off it!",LAPTOP#GENERAL,positive,,
"I own a Hewlett Packard laptop and I've had man problems with it since I bought in in Feb, 201",LAPTOP#QUALITY,negative,Ive had to call tech support many times.,LAPTOP#QUALITY,negative,Each time taking about 1 day or so.,SUPPORT#QUALITY,negative,I just recently had to ship my laptop back to HP for repair.,,,,
One of the smartest thing I did was take my time to compare laptops before making my purchase.,,,The Toshiba Satellite has been more than I expected for the price.,LAPTOP#GENERAL,positive,I will stack it up against laptops that cost twice as much any day.,,,,,,,
THis computer may be small but it is one heck of a power horse.,LAPTOP#OPERATION_PERFORMANCE,positive,You can do it all on this bad boy but the main thing this netbook was desinged for was surfing the web and boy o boy does it ever.,LAPTOP#GENERAL,positive,for being so small it is amazing that it is as fast as it is.,LAPTOP#DESIGN_FEATURES,neutral,when i first got it i thought the size of it was a joke.,LAPTOP#DESIGN_FEATURES,neutral,,
"i would never go back any more, i love this computer so much and i would recommend it to everyone.",,,"i use my mac all the time, i love the software, the way it takes a short time to load things, how easy it is to use and most of all how you don't have to worry about viruses.",LAPTOP#OPERATION_PERFORMANCE,positive,"With a mac you don't have to worry about antivirus software or firewall, it's so wonderful.",LAPTOP#QUALITY,positive,this computer is a little more expensive than any pc but it will last you longer and it worth every penny.,,,,
Not working = bad,LAPTOP#OPERATION_PERFORMANCE,negative,"I spent 2200 dollars on a ""top of the line laptop"".",LAPTOP#PRICE,negative,I got the blue screen of death the first month I got it.,LAPTOP#OPERATION_PERFORMANCE,negative,"1) Payed $2200 for a ""premium"" laptop",LAPTOP#PRICE,negative,LAPTOP#QUALITY,negative
I'm new - just switched from years of PC frustration.,,,"what an elegant, wonderful machine.",LAPTOP#DESIGN_FEATURES,positive,"I'm making the switch and finding that my biggest problem is trying to do things the 'old' way - and Apple does, indeed, have the better idea.",LAPTOP#GENERAL,positive,I really wish I had done this years ago.,LAPTOP#GENERAL,positive,,
"I tell everyone that I know, friends, family and enemies this is the absolute worst computer i have ever used.",LAPTOP#GENERAL,negative,The computer blinks it shuts off at will.,LAPTOP#OPERATION_PERFORMANCE,negative,The letter A stopped working after the first week.,KEYBOARD#QUALITY,negative,when i called to have another one shipped or to get my money back they said the return policy is 23 twenty three days from the date of purchase.,SUPPORT#QUALITY,negative,,
I had this computer for one month and had to send it in for repair.,LAPTOP#QUALITY,negative,Got the computer back a month later and it was still broken sent it out again and they repaired it.,SUPPORT#QUALITY,negative,3 weeks went by and the computer keeps crashing and will not open any applications.,SUPPORT#QUALITY,negative,DO NOT BUY GATEWAY COMPUTERS THEY ARE JUNK AND THE WARRANTY COMPANY IS HORRIBLE.,SUPPORT#QUALITY,negative,COMPANY#GENERAL,negative
I have had this laptop for a few months now and i would say im pretty satisfied.,LAPTOP#GENERAL,positive,The only problems are the sound isnt very loud I have to wear headphones.,MULTIMEDIA_DEVICES#QUALITY,negative,Another thing is that after only a month the left mouse key broke and it costed $175 to send it in to fix it.,MOUSE#QUALITY,negative,That whole experience was just ridiculous we sent it in and after they told us that we had to pay $175 to fix it we were like we will just by a portable mouse which would be way cheaper but they refused to send the laptop back until we paid the $175 and it was fixed.,SUPPORT#PRICE,negative,SUPPORT#QUALITY,negative
I received this laptop as a gift and let me just tell you that its the worst.,LAPTOP#GENERAL,negative,At first it worked well for a month or so then the system board failed and I send it in to toshiba some complaints and three weeks later I then receive my laptop back only to discover that it still has the same problem so now I have to send it back again to get it fixed again.,LAPTOP#QUALITY,negative,This computer doesn't do that well with certain games it can't play some and it becomes too hot while playing games.,LAPTOP#MISCELLANEOUS,negative,Oh and if thats not bad enough it doesn't come with a recovery cd so you can make one if you know how to or buy one if you buy it the cost is $25 for two cds.,LAPTOP#MISCELLANEOUS,negative,,
I bought a HP Pavilion DV4-1222nr laptop and have had so many problems with the computer.,LAPTOP#GENERAL,negative,"The computer is so slow, even after paying staples the extra money to speed it up.",LAPTOP#OPERATION_PERFORMANCE,negative,They said it was a computer error on this type of computer.,LAPTOP#MISCELLANEOUS,negative,"Also, I have alot of trouble with it getting very hot, and not even sitting on anything to make it hot.",LAPTOP#QUALITY,negative,,
Purchased a Toshiba Lap top it worked good until just after the warrenty went out.,LAPTOP#QUALITY,neutral,After the warrenty expired the hard drive went bad and it would have cost more to fix then to replace.,HARD_DISC#QUALITY,negative,"Before we got this laptop, hadÂ aÂ compaq pasaroÂ for 5 years with no problems.",,,After the bad experience with this computer went back to compaq.,,,,
I hate it.,LAPTOP#GENERAL,negative,I have had the luxury (sarcasm) of owning 2 of these laptops.,LAPTOP#GENERAL,negative,The first fell apart right after the 1-year-warranty.,LAPTOP#QUALITY,negative,"During that time, I had to send it back 3 times.",LAPTOP#QUALITY,negative,,
bought notebook 07/2009.,,,in 5 months the connect quality got worse and worse.,LAPTOP#CONNECTIVITY,negative,1st time they got it working the next 5 month they had me send it in.,SUPPORT#QUALITY,negative,returned it.,LAPTOP#GENERAL,negative,,
I bought this laptop the moment unibody product came to the market.,,,"I also bought one for my wife, and 3 for my office.",,,"They are wonderful, but very dangerous when it comes to emitting heat.",LAPTOP#GENERAL,positive,"I burned my leg, after lifting it from my desk, and for less than 5 second putting it on my lap to clean my coffee table, so I can place it there.",LAPTOP#QUALITY,negative,,
I had meant to purchase the NB205 and bought this one by accident (long story).,,,"I am not going to sit here and complain about it not having a cd drive and what not because it is a netbook, it is made to be compact and if you want all the other stuff get a laptop.",LAPTOP#DESIGN_FEATURES,neutral,Anyways I bought this two months ago and when I first brought it home it kept giving me a message about a vibration in the hard drive and it is putting it temporaly in save zone.,HARD_DISC#QUALITY,negative,"So I called customer support (which is good too) and they went through it and it is just a safety feature and it does not affect performance at all, I just chose to hide the message.",SUPPORT#QUALITY,positive,,
"I paid for extra memory and the 17-inch screen, as well as the top of the line DVD and CD burners.",,,I custom ordered the machine from HP and could NOT understand the techie due to his accent.,SUPPORT#QUALITY,negative,Finally was able to reach a young lady in California and ordered the machine and was subsequently given a delivery date.,,,"The leather carrying case, keyboard and mouse arrived in two days from Memphis warehouse.",,,,
"This laptop leaves alot to be desired, I have had it only 5 months and have had to send it away to be repaired twice...",LAPTOP#GENERAL,negative,"I bought it from HSN because it was ""bundled"" with extra software, but as it turns out, that software just crashes it more often.....",SOFTWARE#GENERAL,negative,If you shop around in the current market you can find a much better deal.,LAPTOP#GENERAL,negative,"The repairs were made quickly though I must say, however the second time they shipped it to the incorrect address and it took nearly a week for them to get it to me.",SUPPORT#QUALITY,positive,SHIPPING#QUALITY,negative
Unable to boot up this brand new laptop.,LAPTOP#QUALITY,negative,Spent 2 hours on phone with HP Technical Support.,SUPPORT#QUALITY,negative,"They went through asking me open up various components, taking battery out, hard disk apart, and after 2 hours on phone could not fix it.",SUPPORT#QUALITY,negative,They are asking me to ship the unit back to fix it at their site.,SUPPORT#QUALITY,neutral,,
This computer had exactly the specifications I needed.,LAPTOP#DESIGN_FEATURES,positive,"Small enough to use on a long flight, Light enough to carry through airports and powerful enough to replace my desktop while on long business trips.",LAPTOP#DESIGN_FEATURES,positive,The perfect notebook...,LAPTOP#GENERAL,positive,When I finally had everything running with all my software installed I plugged in my droid to recharge and the system crashed.,LAPTOP#OPERATION_PERFORMANCE,negative,,
"With today's company fighting over marketshare, its a shame that ASUS can get away with the inept staff answering thephone.",SUPPORT#QUALITY,negative,I agree with the previous comment that ASUS TECH SUPPORT IS HORRIBLE WHICH IS A CON IN MY OPINION.,SUPPORT#QUALITY,negative,"Summary: I've had this laptop for 2 months, out of the blue the power adapter stops working.",POWER_SUPPLY#QUALITY,negative,"Call tech support, standard email the form and fax it back in to us.",,,,
Our Apple 13.3 MacBook Pro Notebook Computer (Z0J80001) Notebook and has become such an integral part of completing our daily needs and social networking.,LAPTOP#MISCELLANEOUS,positive,"I do everything on this computer - check email, facebook, shop, check blogs, write papers, listen to music, and we even watch all of our movies on it since we do not have a tv.",LAPTOP#GENERAL,positive,"It pretty much does everything we could ever need, and looks great to boot.",LAPTOP#OPERATION_PERFORMANCE,positive,"Apple is always great about the aesthetics of things, they always come up with good looking products.",LAPTOP#DESIGN_FEATURES,positive,COMPANY#GENERAL,positive
"I know that everyone thinks Macs are overpriced and overrated, but once you get past the initial expense you'll find that they're worth every penny (besides, there's always the financing plan that Best Buy offers).",,,"The 13"" MacBook Pro is portable, durable, and very capable.",LAPTOP#QUALITY,positive,"It has a 10 hour battery life when you're doing web browsing and word editing, making it perfect for the classroom or office, and in terms of gaming and movie playing it'll have a battery life of just over 5 hours.",BATTERY#OPERATION_PERFORMANCE,positive,"It's also very energy efficient, running on a quarter of the power it takes to run a 60 Watt lightbulb.",LAPTOP#OPERATION_PERFORMANCE,positive,,
Me and my boyfriend bought the Gateway NV78 in nov of 09.,,,Bought with a credit card.,,,Probbly the worst decision we ever made!,LAPTOP#GENERAL,negative,It has bein into the shop to get a new hardrive 2 times and to fix the touch control buttons on the keyboard!,KEYBOARD#QUALITY,negative,HARD_DISC#QUALITY,negative
"First, it does not have a push button to open the lid.",LAPTOP#DESIGN_FEATURES,negative,It is held in place magnetically.,LAPTOP#DESIGN_FEATURES,neutral,There is a little indent to help open it - but good luck with that.,LAPTOP#DESIGN_FEATURES,neutral,"Once open, the leading edge is razor sharp.",LAPTOP#DESIGN_FEATURES,negative,,
"This is the first time that I tried and owning a netbook although I have used 3 different laptops in the past 10 years, I find not much difference except of course for the screen size.",,,But the screen size is not that bad for email and web browsing.,DISPLAY#DESIGN_FEATURES,neutral,I like this machine because its very lightweight...,LAPTOP#DESIGN_FEATURES,positive,very convenient when you travel and the battery life is excellent...,BATTERY#OPERATION_PERFORMANCE,positive,LAPTOP#PORTABILITY,positive
"I've owned every ""Pro"" model Apple laptop for the last 8 years, this is BY FAR the WORST one I've ever had.",,,"It crashes, and when it goes flat, it just DIES (like a PC, maybe worse) and I loose all my open documents!",LAPTOP#OPERATION_PERFORMANCE,negative,I Hate it!,LAPTOP#GENERAL,negative,,,,,
It is the easiest computer I have ever used,LAPTOP#USABILITY,positive,I have had some excellent computer and have found I had no idea what to do with them,,,"I saw this one, and I have the most difficult time trying to use them, they've made great dust collectors, I hate putting this computer down",,,I LOVE IT!,LAPTOP#GENERAL,positive,,
It's A MAC!!,LAPTOP#GENERAL,positive,"I fine Apple MC373LL/A 2.66GHz 15"" Macboook Pro Notebook meets all my needs for a laptop computer when on the go.",LAPTOP#GENERAL,positive,I like to use it at the race track to handiecap the horse races.,LAPTOP#MISCELLANEOUS,positive,It's face and depanable.,LAPTOP#QUALITY,positive,,
very very slow laptop.,LAPTOP#OPERATION_PERFORMANCE,negative,tons of bloatware and junk programs.,LAPTOP#DESIGN_FEATURES,negative,can't reinstall with standard os cd because of proprietary hardware drivers.,LAPTOP#USABILITY,negative,keys are all in weird places and is way too large for the way it is designed.,KEYBOARD#DESIGN_FEATURES,negative,LAPTOP#DESIGN_FEATURES,negative
Amazing machine.,LAPTOP#GENERAL,positive,"It is a big big, but since it has a 18.4"" screen what would you expect!",LAPTOP#DESIGN_FEATURES,neutral,It is truly a Desktop Replacement.,LAPTOP#MISCELLANEOUS,positive,Very fast and efficient!,LAPTOP#OPERATION_PERFORMANCE,positive,,
"The touchpad is very intuitive, so much so that I never want to use buttons to click again!",MOUSE#USABILITY,positive,"The computer loads in about a 1/10th of the time that my PC did, and I have all of the programs that were on my PC.",,,"Of course, I also have several great software packages that came for free including iWork, GarageBand, and iMovie.",SOFTWARE#GENERAL,positive,I especially appreciate the fact that it has almost zero viruses and spyware problems!,LAPTOP#QUALITY,positive,,
I never have had a good result with this computer.,LAPTOP#GENERAL,negative,"I was told by many  that it was a great computer, but we got one of these, and it worked  great for one year, and as soon as the warrenty was up, then it got  really bad.",LAPTOP#QUALITY,negative,"They told me it was my loss even though it was the computer, not  what I've done.",SUPPORT#QUALITY,negative,"The hard drive crashed as well, and I had to buy a new  power cord.",HARD_DISC#QUALITY,negative,POWER_SUPPLY#QUALITY,negative
I just bought this laptop 3 days ago.,,,The right speaker did not work.,MULTIMEDIA_DEVICES#QUALITY,negative,I took it back to the store and exchanged it for another one.,,,"Again, the same problem, the right speaker did not work.",MULTIMEDIA_DEVICES#QUALITY,negative,MULTIMEDIA_DEVICES#OPERATION_PERFORMANCE,negative
the mouse pad and buttons are the worst i've ever seen.,MOUSE#GENERAL,negative,sometimes you will be moving your finger and the pointer will not even move.,MOUSE#OPERATION_PERFORMANCE,negative,the mouse buttons are hard to push.,MOUSE#USABILITY,negative,i cant believe HP put this out.,COMPANY#GENERAL,negative,LAPTOP#GENERAL,negative
dell is a decently made pc.,LAPTOP#GENERAL,neutral,although its windows vista compared to windows xp sucks.,,,the graphics are awful and the wireless switch it at the top rather than the side which I am used to it being on the side.,GRAPHICS#GENERAL,negative,with the switch being at the top you need to memorize the key combination rather than just flicking a switch.,LAPTOP#DESIGN_FEATURES,negative,LAPTOP#USABILITY,negative
"I love HP,, it's the only computer/printer we will buy.",COMPANY#GENERAL,positive,Got this for a graduation gift for my daughter for her to use at college.,,,This is perfect for her field.,LAPTOP#MISCELLANEOUS,positive,,,,,
"At first when I got this product, I loved it.",LAPTOP#GENERAL,positive,"The computer itself was fast, ran smoothly, and had no problems.",LAPTOP#OPERATION_PERFORMANCE,positive,"Then, within 5 months, the charger crapped out on me.",POWER_SUPPLY#QUALITY,negative,"So I called Compaq, and after being on the phone for 3 hours, i finally got a replacement which I shouldn't have had a problem getting since it was under warranty.",SUPPORT#QUALITY,negative,,
Strengths:Well-shaped,LAPTOP#DESIGN_FEATURES,positive,Weaknesses:A bad videocard!,GRAPHICS#GENERAL,negative,"Posted Nov 8, 2010 -",,,Two weeks ago I bought this notebook.,,,,
An absolutely hateful machine that no one should get of their own free will.,LAPTOP#GENERAL,negative,I just can't fathom that the celebrated Dell would last a week in environment of free competition with normal products - it only survives b/c its substandard laptops are forced onto captive students and employees through question-raising programs.,,,"Mine came at $1,700 w/o a DVD burner (!).",LAPTOP#DESIGN_FEATURES,negative,Enough said.,,,,
I'm glad I made the choice to switch and buy this MAC.,LAPTOP#GENERAL,positive,The benefits were immediate!,LAPTOP#GENERAL,positive,Awesome graphics!,GRAPHICS#GENERAL,positive,Applications respond immediately (not like the tired MS applications).,,,,
I previously owned an HP desktop and a Dell laptop.,,,Both computers started acting extremely slow within the first year of owning them.,,,"I have never had any issues or problems with my MacBook Pro so far, and it is still as fast as it was when I first bought it.",LAPTOP#GENERAL,positive,I especially like the backlit keyboard.,KEYBOARD#DESIGN_FEATURES,positive,,
My hp G60-244dx died after only 16 months.,LAPTOP#QUALITY,negative,It started out getting hot after only a few months.,LAPTOP#QUALITY,negative,I should have sent it back to them then.,,,At 16 months it started shutting off after only 5 or 10 minutes.,LAPTOP#OPERATION_PERFORMANCE,negative,,
I will have to say that I love my MacBook Pro!,LAPTOP#GENERAL,positive,It fires up in the morning in less than 30 seconds and I have never had any issues with it freezing.,LAPTOP#OPERATION_PERFORMANCE,positive,I have used different laptops in the past and I have to rate this one way above the rest.,,,This is now my 3rd MacBook Pro and I really honestly love it!,LAPTOP#GENERAL,positive,,
I have had my new Macbook Pro i5 for a couple of days and have recycled ALL of my old PC laptops.,,,It is easy to operate and I have already ordered more software and gadgets for my new Rolls Royce of laptops.,LAPTOP#USABILITY,positive,"Before i bought my new i5, I did my research for about 2 weeks and determined to move for HP to Apple for reliability, dependable, and long lasting operations.",,,"Buy it, love it, and I promise you won't regret it.",LAPTOP#GENERAL,positive,,
This computer is good for 10 days then it sucks for the rest of your life.,LAPTOP#QUALITY,negative,"Don't waste their money, save it and but a mac.",,,You will regret it if you buy any dell.,COMPANY#GENERAL,negative,Dell sucks,COMPANY#GENERAL,negative,,
The only pro to this computer is it was under $600!,LAPTOP#GENERAL,negative,Everything is falling apart internally and externally.,LAPTOP#QUALITY,negative,"I am not much of a computer techie, so I can understand some ofÂ the internal problems, though I do have trend micro as an antiviral program.",,,With in weeks of purchasing my computer is began to slow down.,LAPTOP#QUALITY,negative,LAPTOP#OPERATION_PERFORMANCE,negative
I bought this laptop on Saturday and am completely in love with it!,LAPTOP#GENERAL,positive,It was super easy to set up and Is really easy to get used to.,LAPTOP#USABILITY,positive,The online tutorial videos make it super easy to learn if you have always used a PC.,LAPTOP#USABILITY,positive,I now travel with this laptop and my work PC.,,,,
"Never any doubt I would get a MacBook, just wasn't sure which one.",,,"After talking it over with the very knowledgeable sales associate, I chose the MacBook Pro over the white MacBook.",,,The performance is awesome.,LAPTOP#OPERATION_PERFORMANCE,positive,I will never complain about the price since I believe you get what you pay for and my MacBook Pro was worth every dollar.,LAPTOP#GENERAL,positive,LAPTOP#PRICE,positive
"With all the goodies inside this machine, it is a value.",LAPTOP#DESIGN_FEATURES,positive,It is very well built.,LAPTOP#QUALITY,positive,The keyboard is top notch.,KEYBOARD#QUALITY,positive,The touch pad is among the best.,MOUSE#GENERAL,positive,,
I got the black MacBook two years ago and have never regretted it.,LAPTOP#GENERAL,positive,It was a hard decision for me since the MacBook Pro looked so appealing.,,,"But to be honest, I don't use my computer for anything like graphics editing and complex data analysis and gaming.",,,So this was great for me.,LAPTOP#GENERAL,positive,,
I bought this laptop about a month ago to replace my compaq laptop.,,,I paid about the same for my Toshiba as I did for the compaq a few years back.,,,The difference is the Toshiba had a lot more memory and hard drive space.,MEMORY#DESIGN_FEATURES,positive,It's super fast and a great value for the price!,LAPTOP#GENERAL,positive,LAPTOP#OPERATION_PERFORMANCE,positive
"no complaints with their desktop, and maybe because it just sits on your desktop, and you don't carry it around, which could jar the hard drive, or the motherboard.",,,Bought this gateway M-50 or 150 early 2007.,,,"A MONTH LATER, we reinstall the OS (Vista).",OS#QUALITY,negative,"A coupla months later, they change my hard drive.",HARD_DISC#QUALITY,negative,,
"I initially purchased my Macbook Pro 13"" in April, and I loved it.",LAPTOP#GENERAL,positive,I had never owned a Mac before;,,,I had always used PCs and been constantly frustrated by the crashing and the poorly designed operating systems that were never very intuitive.,,,I was so happy with my new Mac.,LAPTOP#GENERAL,negative,,
"Great battery, speed, display.",BATTERY#GENERAL,positive,It WORKS!,LAPTOP#OPERATION_PERFORMANCE,positive,I always swore by PCs and would never consider a MAC.,,,"As it turns out, I just didn't know any better.",,,,
I thought the price was great for the specs.,LAPTOP#PRICE,positive,"But after using it a couple of weeks, the overall operation is poor.",LAPTOP#OPERATION_PERFORMANCE,negative,I hate the display screen and I have done everything I could do the change it.,DISPLAY#GENERAL,negative,The keyboard is too slick.,KEYBOARD#QUALITY,negative,,
Dell Latitude d620 is not a reliable machine.,LAPTOP#QUALITY,negative,"The battery never held a charge longer than one hour and within two months, stopped holding a charge for more than ten minutes.",BATTERY#OPERATION_PERFORMANCE,negative,Later it held zero charge and its replacement worked for less than three months.,BATTERY#QUALITY,negative,The machine is slow to boot up and occasionally crashes completely.,LAPTOP#OPERATION_PERFORMANCE,negative,,
This is the first Apple product that I have purchased.,,,VERY disappointing:,LAPTOP#GENERAL,negative,I was not aware that this product cannot display websites that contain Flash.,LAPTOP#DESIGN_FEATURES,negative,About 1/2 of the sites I need to visit because of my work contain some type of Flash.,,,,
"HP Pavilion DV9000 Notebook PC      When I first got this computer, it really rocked.",LAPTOP#GENERAL,positive,But as time went on I found it almost impossible to keep the thing on-line through wi-fi.,LAPTOP#CONNECTIVITY,negative,Eventually the screen went blank and the computer would not turn on.,DISPLAY#OPERATION_PERFORMANCE,negative,HP said it was out of warranty.,,,,
My MacBook is probably the best investment I have ever made.,LAPTOP#GENERAL,positive,I have had it for almost four years now and I have only had a few problems with it.,LAPTOP#QUALITY,positive,"The most recent being that my Safari internet browser is freaking out on me, but I have just been using firefox instead.",SOFTWARE#OPERATION_PERFORMANCE,negative,"If you had PC for four years I can almost gaurentee that something would of gone wrong by now, maybe even forcing you to replace your entire computer.",,,,
